image_idx,mean_iou,class_0_iou,class_0_gt_pixels,class_0_pred_pixels,class_1_iou,class_1_gt_pixels,class_1_pred_pixels,class_2_iou,class_2_gt_pixels,class_2_pred_pixels,class_3_iou,class_3_gt_pixels,class_3_pred_pixels,class_4_iou,class_4_gt_pixels,class_4_pred_pixels,class_5_iou,class_5_gt_pixels,class_5_pred_pixels,class_6_iou,class_6_gt_pixels,class_6_pred_pixels,class_7_iou,class_7_gt_pixels,class_7_pred_pixels,class_8_iou,class_8_gt_pixels,class_8_pred_pixels,class_9_iou,class_9_gt_pixels,class_9_pred_pixels,class_10_iou,class_10_gt_pixels,class_10_pred_pixels,class_11_iou,class_11_gt_pixels,class_11_pred_pixels,class_12_iou,class_12_gt_pixels,class_12_pred_pixels,class_13_iou,class_13_gt_pixels,class_13_pred_pixels,class_14_iou,class_14_gt_pixels,class_14_pred_pixels,class_15_iou,class_15_gt_pixels,class_15_pred_pixels,class_16_iou,class_16_gt_pixels,class_16_pred_pixels,class_17_iou,class_17_gt_pixels,class_17_pred_pixels,class_18_iou,class_18_gt_pixels,class_18_pred_pixels
0,0.5734559602995061,0.9649649680931518,624611,813932,0.8404737493767193,168735,167363,0.8848191732237983,820275,805956,0.0,0,1067,0.0,2795,57244,0.36278843510078046,24870,42132,nan,0,0,0.5091164095371669,12149,7219,0.8916609235010338,42120,40224,0.0,0,1240,0.9222942695977647,37067,39183,0.6205768658935474,6821,9529,nan,0,0,0.8847767292701103,115256,109841,nan,0,0,nan,0,0,nan,0,0,nan,0,0,nan,0,2222
1,0.5956326656205008,0.9831673359997041,724654,914023,0.9024808114035088,40102,48593,0.9358494235801683,539220,580165,nan,0,0,0.17112661743784296,14684,2603,0.14710996730889617,11196,5296,nan,0,0,0.6195834330859469,3691,3074,0.9179782490308039,178722,182322,0.0,0,2568,0.954401281286311,31328,33073,0.0,0,2069,0.5874842654198885,4712,4116,0.9449856768904035,315554,317564,nan,0,0,nan,0,0,nan,0,0,nan,0,0,0.5790575916230366,1330,1686
2,0.6239093872896831,0.9537445025051613,705093,901933,0.40989201588988977,48914,27183,0.9742926627649802,765420,791401,nan,0,0,nan,0,0,0.5308249556475458,10086,11132,nan,0,61,0.6664430530709601,10218,12204,0.6991624278119861,24456,20327,0.0,0,2002,nan,0,0,0.6210943903478574,19536,29909,0.6247953820970105,20193,17646,0.9018795531112327,259255,272598,nan,0,0,nan,0,0,nan,0,0,nan,0,0,0.4808743169398907,5504,10756
3,0.3952195947624712,0.970301762189739,800019,1007799,0.1657882127455678,20405,3925,0.5773802289686687,66702,70488,nan,0,0,0.3375563372540398,14731,34737,0.23170818001698273,14707,21816,0.49860604760883553,8721,5295,0.5467283362807781,6480,5760,0.924859764004266,538920,565116,0.0,803,0,0.9189763136400763,72207,70900,0.24803440628989987,13716,4856,0.0,391,0,0.9035739272006852,288653,304759,nan,0,0,0.0,0,200,0.0,0,1501,nan,0,0,0.0,398,0
4,0.4532327815261619,0.9686539846009298,796643,1010270,0.6275018532246108,50357,40374,0.9156291216948754,406474,577917,0.0,0,19008,0.0,0,6861,0.09829206392756705,13181,4067,0.0,223,0,0.3687840290381125,8152,6932,0.9332493264969149,110527,121120,nan,0,0,0.9464382682529496,101194,101150,0.0,2220,0,0.5314285714285715,3559,2337,0.884480296029725,187140,204359,0.0,1571,0,nan,0,0,nan,0,0,nan,0,0,0.5240342081981716,2411,2757
5,0.4820481021742762,0.9420733387209345,824262,1061461,0.2027412093235311,67963,17453,0.9379680502765966,617602,674824,0.0,0,6,nan,0,0,0.3152569654696662,21558,15258,0.6380368098159509,5441,4226,0.50638750887154,2590,1744,0.36507136859781697,3187,5394,nan,0,0,0.9742239970956617,98537,101052,0.7133140891296611,19306,26186,nan,0,0,0.6715519909642316,174303,133990,nan,0,0,0.0,0,13317,0.0,0,42241,nan,0,0,nan,0,0
6,0.4754114167111467,0.9795854064233427,814517,998485,0.8179363032529622,72979,77848,0.7961068979947826,252533,214542,0.0,0,44552,0.16029986084302195,13354,13667,0.6786660433224249,56786,55268,0.3939251236166706,3598,2322,0.41497732111450525,7161,8815,0.9176930233517085,369077,399480,nan,0,0,0.9559832687331895,96049,99911,0.0,0,935,nan,0,0,0.8493924097962235,144687,154242,0.0,1400,0,nan,0,0,nan,0,0,0.02984171791511241,19833,597,0.1367638743032555,3386,26488
7,0.5243853174570205,0.9479207885496319,813140,1019538,0.43829341476838946,50264,32308,0.8397863183164997,224547,210842,0.0,0,27590,0.0,0,19787,0.47781442062659274,57542,76536,0.3167969192434024,7857,13631,0.40790842872008326,4885,8521,0.8894348394003659,322547,349984,nan,0,0,0.9412590291552828,106199,106506,0.05112474437627812,978,50,nan,0,0,0.8565658014245423,197237,192214,0.8134830396058367,17301,21353,nan,0,0,0.0,0,13,nan,0,0,0.8853920176684019,11560,18279
8,0.5561428707953411,0.9586408827537879,751635,962216,0.5984727374319018,59074,44054,0.9194556033681682,206834,210898,0.0,0,12940,0.0,0,17246,0.39808695652173914,32054,57994,0.6592995579734784,10757,11358,0.5228364334992577,6559,16849,0.9259537873421575,332130,347989,0.0,0,600,0.9659252456931947,111830,117501,nan,0,0,nan,0,0,0.9042614108650276,261131,254970,nan,0,0,0.0,0,189,0.8687463443166309,22680,25889,nan,0,0,0.6204641021647719,16626,16459
9,0.5238216130628582,0.948718172349004,782020,974106,0.7103679906542056,149124,147195,0.9226288236501745,291342,332113,0.0,0,648,0.0,0,7177,0.4764786722342619,27761,30768,0.3801258061947607,9962,8654,0.6083396005682293,17180,21935,0.9277966995791332,418325,448742,0.0,3172,181,0.540482538856734,30732,17654,0.0820328131252501,2453,441,nan,0,0,0.9328967987463622,34474,34895,nan,0,0,0.8036346669218989,78112,72643,nan,0,0,nan,0,0,nan,0,0
10,0.48656610356059726,0.9307282813754973,797823,949163,0.6689483927253205,26073,30076,0.8383038321240079,118272,117677,nan,0,0,0.27329974811083124,20150,58892,0.49672024700846773,59014,58408,0.0,75,21,nan,0,0,0.9164071011770683,579318,591733,0.089054813008838,4684,142000,0.9091453467963411,92449,100265,nan,0,0,nan,0,0,0.716185480400795,38054,47853,nan,0,0,0.0,0,915,0.0,0,149,nan,0,0,nan,0,0
11,0.5203441889746716,0.9659530190379974,641564,858720,0.004983084941025876,42320,25670,0.6731353723684129,154116,130410,0.0,574,3682,0.22573130455296062,36146,150150,0.3671132742207677,88251,70910,nan,0,0,0.5935302390998594,2157,2456,0.8675095029903608,283443,313894,0.6371399102923893,165439,121583,0.8810673735686445,155893,176734,0.3090111642743222,2262,1383,nan,0,0,0.856586378798701,123662,141404,nan,0,0,nan,0,0,0.3827138325252888,25733,100156,nan,0,0,nan,0,0
12,0.4199261263781309,0.9774602708195598,807584,1000913,0.7716936009855787,131653,114888,0.001378775475031238,19829,9044,0.0,0,63,0.0,0,105003,0.48572037794687956,62403,53093,0.024153074027603513,3103,1060,0.5072170169663206,6788,9143,0.8705839544020872,648280,642522,0.18846638261382212,19001,25724,0.7978543366576005,32082,34452,0.566656856974691,5176,5471,0.20777479892761394,2193,510,0.8891675208668912,50958,52721,0.7969383874239351,29516,27368,0.21592188017212843,30102,6631,0.0,0,2435,0.6776091669247445,4871,5963,0.0,0,148
13,0.4227076927314585,0.9601854521350651,782526,1016248,0.7010667746944839,21200,29786,0.8518924735633135,300974,346984,0.0,0,6233,0.0,0,2164,0.43916951247616853,37319,32610,0.0,472,0,0.0768409818569904,1001,3035,0.8268689554373854,444082,513144,0.2719658485632911,144416,61159,0.8253904685622747,26652,29272,nan,0,0,nan,0,0,0.8648691420545588,46484,49232,0.0,6030,0,nan,0,0,0.0996580888968868,24174,7285,nan,0,0,nan,0,0
14,0.5356622432369684,0.9777036821821614,643714,821932,0.5905999447055571,28734,29212,0.8885821941815633,250186,281120,0.0,0,214,0.0,0,28053,0.39174233272280895,46591,28284,nan,0,0,0.0,390,0,0.9044130424333847,525199,516773,0.8659051906277219,218698,227629,0.7878392283945878,59798,64635,0.0,167,0,nan,0,0,0.6396734905415911,6292,6635,nan,0,0,0.9171500562912132,86138,92665,nan,0,0,nan,0,0,nan,0,0
15,0.5039103202123438,0.9565585221980751,888231,1069073,0.12666202575704838,24403,74362,0.706623118122118,178159,177037,nan,0,0,0.0,0,13437,0.4458426536202586,61463,62721,0.35452077431539186,11804,12559,0.2937769702475585,5184,6768,0.8610994976944844,452142,490234,0.3451785236034563,70586,24845,0.8999019584399436,83430,84007,0.5625471643350555,11772,17223,nan,0,0,0.7408471843017036,58036,50995,nan,0,0,nan,0,0,nan,0,0,nan,0,0,0.25727577012537584,8823,13891
16,0.5087995206614179,0.9628213014606408,852620,1054346,0.371984503046102,63408,33593,0.7944075918444048,240320,252698,0.0,7754,0,0.0,0,58323,0.49041206354326267,50127,51962,0.24311926605504589,3663,2503,0.4424434168897542,3501,6140,0.8803419366455426,428094,454584,0.0,4334,6187,0.9316449140252745,95763,99686,0.5611069836552749,4529,4023,0.7275687216439819,13822,18544,0.4736214878305908,19697,12947,nan,0,0,nan,0,0,nan,0,0,nan,0,0,0.7525206232813932,31545,41616
17,0.4547564142684977,0.9741451971497255,913469,1117052,0.554900933308785,63160,47692,0.8120165916817068,297957,351458,0.00011265701571565369,17745,10,0.023671242520239354,2206,51948,0.6314426397237498,52210,52711,nan,0,218,0.7071109748202664,26999,23208,0.834290860956072,344101,342013,0.0,4350,0,0.9012585141413686,64555,75105,0.5166208791208792,6079,5026,nan,0,0,0.41101930932046044,18428,20717,nan,0,0,0.0,0,9836,nan,0,0,nan,0,0,0.0,0,158
18,0.4214793430936121,0.9464728746278531,833228,1084839,0.1827975774516655,57618,37041,0.7646314618717706,186921,200924,0.0,8818,0,0.5484714293336179,41850,46096,0.5625873749865576,69642,81224,0.7963037974683544,16635,19325,0.5232516222062005,16389,11161,0.887280576873415,139482,155023,0.0,0,11248,0.9164412443811563,383869,400054,0.720317979892448,16825,21404,0.0,488,0,0.7380722365919785,27643,28439,0.0,0,15,0.0,0,2,nan,0,0,0.0,4510,0,0.0,144,357
19,0.4519712805210386,0.7575190038183218,648061,1106525,0.04704877645632787,253288,14025,0.8103523627424201,190593,221983,0.0,0,19798,0.6290253646752764,88800,89386,0.42021361073612323,40634,33539,nan,0,0,nan,0,0,0.7620920050629759,79558,92215,nan,0,0,0.9639782414023824,484894,507742,0.21830550401978974,3218,9054,0.0,3860,0,nan,0,0,nan,0,0,nan,0,0,nan,0,0,nan,0,0,0.3631492168178071,3755,2885
20,0.47700258313675276,0.8051650883229327,624306,977416,0.2991287554398168,225515,72826,0.8655302704136285,261945,297939,0.0,3103,10659,0.7711449865703766,48868,54044,0.47456103104628217,33012,27549,0.0,0,330,0.6345116836428999,1375,1357,0.9048951957366919,313098,312184,0.0,0,93,0.947230365684308,107655,119629,0.6268121590023382,17103,32156,0.4142338526697928,9434,9265,0.9525757687990382,173738,171104,0.0,6016,0,nan,0,0,0.0,0,3714,nan,0,0,0.4132547559966915,6782,6887
21,0.5408677844988411,0.9679343411832443,836440,1018277,0.6780920447785409,67506,89601,0.6439828439989151,72668,103525,0.6928946800086387,12525,11044,nan,0,189,0.5688268325997875,55482,46298,0.1625,2020,398,0.693784355179704,9774,11082,0.8939992445749516,388276,414162,0.0,0,3643,0.5259005145797598,6785,12786,nan,0,0,nan,0,0,0.7371225577264654,12788,10850,0.4662437838549261,387378,182481,0.0,0,192816,nan,0,0,nan,0,0,nan,0,0
22,0.36898135121782477,0.9783843404645433,686984,884614,0.46018103684739875,234686,118105,0.8349595619443848,370994,447129,0.030373218449375395,16439,51504,0.010614631117856035,8292,126715,0.2549868693077052,66671,23997,0.0,168,0,0.0,3396,219,0.8581104142668202,352161,362737,0.42716110019646364,19483,9789,0.9395997903848766,50989,51567,0.0,0,99,0.0,1268,0,0.6558275829473486,7945,10524,0.7918655322681054,9499,7771,nan,0,0,nan,0,0,0.0,607,0,0.03061889250814332,801,2382
23,0.4196364310809031,0.9396515896028613,783179,1013729,0.6511256472598907,191745,138829,0.8498976816033227,474620,543648,0.2346307207046361,31090,10552,0.33500610335006104,32827,102203,0.4188665910864412,50672,54447,0.5300313122687162,2919,2456,0.5628299894403379,15048,23515,0.7736513034268339,102646,106123,0.03744331821819152,18906,12209,0.8816455696202532,73178,75353,0.0,1290,1599,nan,0,0,0.38305941845764857,15941,7264,0.11634365225525446,34209,3980,0.0,0,55,nan,0,0,nan,0,0,0.0,0,1190
24,0.4501665214601038,0.9212240146011378,363611,563277,0.83631988457274,409114,362915,0.7958825006276676,430879,419203,0.6465449072775042,64263,76749,0.6647168637212196,195986,270009,0.544884287454324,28290,24368,0.09090909090909091,532,1037,0.16666666666666666,1086,1440,0.8931728355218763,221590,244043,0.0,4649,0,0.4120443740095087,631,433,0.7801323965398205,97211,122430,nan,0,0,nan,0,0,nan,0,0,0.0,2859,0,nan,0,0,0.0,6697,0,0.0,0,11248
25,0.6436968359748891,0.9605361548084113,705034,890530,0.6988363596838183,138867,148927,0.5452704100190424,106031,191107,0.0,5897,2534,nan,0,0,0.6268265267890596,60350,82030,nan,0,3,0.9551118506193381,53280,63493,0.8981099967171159,553479,624120,0.26825118839129347,19653,5867,nan,0,0,0.5448880332353835,19076,13463,nan,0,0,0.7649075045919707,52044,57056,nan,0,0,0.8179271708683473,20416,18022,nan,0,0,nan,0,0,nan,0,0
26,0.4302378405763876,0.9563101074150865,643866,844930,0.4223147945957144,170017,85693,0.690771426075308,155142,148545,0.012534296028880867,26336,8861,0.2724853180699492,55492,197085,0.43686817907610187,38663,43137,0.45740211729121155,10359,7411,0.4305646904068402,15098,16661,0.8402968290319169,415471,461778,nan,0,0,0.8958853654229421,77811,76625,0.5787178821697379,13253,17259,0.0,157,0,0.8827328879364679,189557,185623,nan,0,0,nan,0,0,0.0,27147,0,0.006921555702043507,6068,42,0.0,766,3502
27,0.4520484174663401,0.9806133482618732,772175,969078,0.20368414720547542,68085,42313,0.8293703553384743,515581,591732,nan,0,0,0.43939959200196854,69711,118357,0.4513407991773647,54169,39184,0.0,0,23,0.6048886138613861,2732,2739,0.8223650354839096,218497,241105,nan,0,0,0.5845880936793867,38999,38498,0.26611635220125784,7304,2813,nan,0,0,0.6942630898513251,55339,51116,0.0,3606,0,nan,0,0,nan,0,0,nan,0,0,0.0,0,194
28,0.3709955877921318,0.9637790790263503,630414,855148,0.0,25807,50094,0.8194076650733912,421965,524746,0.0,700,208,0.0,1859,7571,0.6963113913667589,68780,66548,0.0,1982,0,0.0,1854,11376,0.8562734002939569,265620,330969,0.0,1548,1584,0.7052747051832892,46232,49709,0.0,2841,292,nan,0,0,0.7810149989726731,45921,41349,0.7428725769655579,203797,157558,nan,0,0,0.0,1950,0,nan,0,0,nan,0,0
29,0.4699898909170856,0.9018134915429813,548799,769444,0.40781672020584614,120619,56884,0.8903297938489501,474031,515926,0.0,0,31227,0.04524301060219042,3423,62276,0.27158517746468386,50050,20290,0.12301396244583535,8258,1072,0.0,711,1720,0.8541903283283492,168600,200487,nan,0,0,0.6047027506654836,2254,1874,0.5709696508580607,64937,73314,nan,0,0,0.9261092768641945,233614,253934,nan,0,0,0.10600992040604452,8658,930,nan,0,0,0.759543448126702,92332,89013,0.5885208323969616,18581,18761
30,0.45908947842965614,0.9772645425591531,563601,748950,0.8343226735284796,177029,185803,0.8057742974238876,381357,403456,0.0,7004,436,0.35869732983485103,32644,190867,0.43109080011986817,62225,39714,0.29973509933774833,7421,2689,0.39606178516684354,7689,5054,0.877575292537886,280369,340246,nan,0,0,0.0,0,848,0.5998608211551845,9214,13381,0.0,862,0,0.9067481108001825,151579,161431,nan,0,0,0.11155421427031688,9278,1035,nan,0,0,nan,0,0,0.2876572097104417,6247,3242
31,0.6119832760124784,0.9354685652719852,717926,997741,0.38877169720347154,97858,40431,0.8944680571489217,727290,806535,0.174628947313641,26005,37365,0.17832511263425363,78828,31541,0.2196656050955414,9454,5911,0.737327787886665,5812,8341,0.7125,12206,32764,0.722704446439855,22882,34916,nan,0,0,nan,0,0,0.733290809251761,29606,32893,nan,0,0,0.9365413950908335,34958,35389,nan,0,0,nan,0,0,nan,0,0,nan,0,0,0.7101068888128115,19092,33325
32,0.5324741771735148,0.9831109947355365,721799,900694,0.6318681318681318,27297,23224,0.9430311892335245,627602,675531,0.0,0,4828,0.0,487,636,0.38461538461538464,13065,13525,0.0,393,0,0.5771917713654563,34252,24293,0.8389484279708687,63657,61215,nan,0,0,0.8373477672530446,7345,7528,0.2405201916495551,4984,14821,nan,0,0,0.955251113594269,318099,332177,nan,0,0,0.8806343028454215,35776,35737,nan,0,0,nan,0,0,0.18211920529801323,949,2943
33,0.4923703471452525,0.9306682549873527,625035,783180,0.754305213871915,198093,194635,0.8395453916102599,464068,515481,0.0,10723,2405,0.6632242489270386,75179,139218,0.402457863949593,43633,39724,0.38232094288304624,9914,6119,0.6348798412913116,17803,18994,0.8512966561683307,276422,281220,0.0,0,14112,0.8425013719392688,38213,35051,0.0,0,136,0.312625770853619,7526,13188,0.7875106608699269,45437,40593,nan,0,0,nan,0,0,nan,0,0,0.0,2474,0,0.47658933697237776,18491,13096
34,0.4647006055450635,0.8658840531011683,696709,1015345,0.06415678293957412,91563,9564,0.8514431436862827,313629,365848,0.28450704225352114,5945,1807,nan,0,1877,0.34677214868908157,15458,12973,0.37563618453455916,4704,3675,0.22644528905781156,3716,3890,0.8778295242500949,361668,372751,0.0,0,1153,0.9312342795544376,22224,23569,0.8233261712212661,168603,171915,0.0,0,4907,0.8585738583430911,110673,107476,nan,0,0,nan,0,0,nan,0,0,nan,0,136,0.0,0,266
35,0.399904049612669,0.9588131781169954,745008,952245,0.7449272380787388,170243,155233,0.8198469425101712,371310,434353,0.0,3921,0,0.0,0,415,0.36623827593613517,49921,29221,nan,0,36,0.0,2874,2299,0.8881414359645367,431413,458982,0.0,0,213,0.8464832748177012,25747,23575,0.3454251012145749,5714,10924,0.0,450,0,0.8415366146458584,21698,23254,nan,0,831,nan,0,0,nan,0,0,0.1871486829053235,9034,1737,0.0,69,3834
36,0.4785528871120463,0.9392213148282715,797758,1006053,0.26844381099623155,81188,26316,0.8717183005207944,352296,412769,0.0,9281,24386,0.5641212474497231,27331,76058,0.46838129191070366,35233,40216,0.18663883089770356,1786,1056,0.7207882320288649,21677,26803,0.8778685954566344,208611,249049,nan,0,0,0.8100241644267058,36406,30885,0.0009386366302944972,7936,1457,0.0,0,9776,0.8663270540552894,185306,186453,nan,0,0,0.0,0,52,nan,0,0,nan,0,0,0.6038218274794779,6095,5823
37,0.35578058648030536,0.8984382769956826,661671,906101,0.6250387831476211,256726,189239,0.6346923361241905,221332,210373,0.0,9621,673,0.18463107786467187,40009,97346,0.6275761094562529,88376,76710,0.0,494,394,0.0,1477,2177,0.803796703987923,343863,400577,0.07698675496688742,1203,111,0.9545092718227046,109103,119960,0.0,0,1298,0.0,274,0,0.8983708390582965,81570,85190,nan,0,0,0.0,0,271,0.0,0,5126,nan,0,0,0.34422981674096087,3987,1606
38,0.385780194310023,0.947745709162326,682431,890768,0.3179374285593328,30631,162876,0.4987954455935293,91344,87698,0.18876705845231523,9901,7641,0.0,4771,22278,0.5616442793590464,76611,86089,0.0,458,2219,0.8141938923610083,59941,63320,0.882067974532652,402575,440328,0.0,4661,0,0.9331529257947306,128491,138415,0.0,0,26483,0.1735324272457215,37738,6902,0.8244666053200368,82741,89921,0.0,0,54,nan,0,0,0.0,0,73,0.0,863,0,0.8017397511997144,65620,72087
39,0.4263758440880085,0.9777367123177245,815036,1010357,0.11576941400666985,6875,146652,0.7356012429541842,49325,50871,0.36375220544991177,10048,18003,0.0,0,1489,0.5964022008723665,51665,76951,0.5292397660818714,3496,3659,0.8576428924394663,21407,27985,0.9244339858208035,615427,636108,0.0,0,1018,0.9322673849731211,85559,94839,0.0,1433,181,0.406062339147841,3209,1708,0.63342473661423,21185,24348,nan,0,0,0.0,0,791,nan,0,0,0.012751953928424516,2407,55,0.1633045148895293,476,2137
40,0.44798203351505955,0.9801979848100908,838467,1050406,0.06871687950655894,8053,56691,0.6499915211124301,55410,79058,nan,0,0,nan,0,0,0.5601148101289726,42662,47318,0.12117714945181765,1331,1048,0.24948289578361177,2404,10650,0.923977524671697,612638,666319,0.0,0,388,0.9050590531549629,68451,72539,0.25848022515182933,3622,5047,0.5442451291734615,18830,17314,0.7302945628129002,60545,58358,0.0,0,247,0.3938216499149032,31130,12275,nan,0,0,0.6121814791796146,13043,18369,0.16997167138810199,5070,1125
41,0.44551283252619683,0.952694597069597,839160,1060350,0.29929524945931835,50891,18798,0.7867936609572594,350550,330749,0.0,11117,0,nan,0,0,0.5657658899765614,10279,12598,0.0,381,0,0.3822985131772063,7347,14940,0.8576176735448762,367434,418765,0.20797576981322563,3898,888,0.8971542553191489,73141,72451,0.0,0,7410,0.0,3398,0,0.8918524544650409,141508,152361,0.8412444241107171,8256,7842,nan,0,0,nan,0,0,nan,0,0,0.0,1179,0
42,0.5059631042548351,0.9502597004485931,887562,1113611,0.26309910241415113,68247,32646,0.8577588986751123,540812,569870,0.0,0,1088,nan,0,0,0.24029208171534694,32985,31453,0.5788102839858847,16968,23617,0.6147889462496204,21788,21925,0.6921778671680294,84103,110019,0.30687830687830686,157,90,0.9402499873998287,77740,80057,0.6991724509929169,56243,70157,nan,0,0,0.807212438216805,37698,37623,nan,0,0,nan,0,0,nan,0,0,0.0,1126,2854,0.1327833954230974,2781,2142
43,0.48936211901794807,0.9658586125356164,731765,903547,0.6434704391201242,43973,58075,0.8520724237212808,250465,268750,0.10878051622676688,17163,4091,0.0,0,27370,0.4897232959077244,33873,42973,0.0,206,4,0.0,1008,474,0.8843362458634224,361662,380476,0.0,420,0,0.9361563517915309,43708,45494,0.524308570011162,14322,10259,0.6076380728554641,5657,8040,0.9290275227228552,324346,343596,nan,0,0,nan,0,0,nan,0,0,nan,0,0,0.3990597345132743,6115,4003
44,0.5121628956958181,0.9751455906821963,793638,974818,0.8102021351875212,141851,154317,0.8332652886649248,474622,520464,nan,0,0,0.0,0,474,0.5595359283856061,49197,48730,0.0,15510,0,0.1281748375664501,11864,3416,0.8303517962587691,217110,252528,0.0,943,0,0.9207057240399711,38666,40392,0.6932309469182626,47845,63022,nan,0,0,0.6902586227791647,36989,33470,nan,0,0,nan,0,0,nan,0,0,nan,0,0,0.21724677356276886,7535,5521
45,0.46061831737180314,0.9805332618099541,717113,919155,0.7224501382758558,85817,109253,0.8310086376636628,490821,562578,nan,0,0,0.0336480271120794,339,4073,0.04486985929101999,30900,4366,0.1863872403560831,10784,2010,0.5126841953192719,15882,10310,0.8898239603455188,257957,267686,nan,0,2,0.9112256319373193,42146,42489,0.48757861187786344,32687,20031,0.007525083612040134,2392,18,0.840921795604575,150089,150288,nan,0,0,nan,0,0,nan,0,0,0.0,4205,6,0.0,90,4887
46,0.2754795200118779,0.9767174628338569,737499,939597,0.26379896351367954,217855,60013,0.9121497462056362,748891,823562,0.0,0,12323,0.0,0,165130,0.14683188386843654,56274,14595,0.0,300,0,0.004838709677419355,316,1116,0.774340845485344,23577,25544,nan,0,0,0.9615303374346518,37751,38101,0.0,1238,0,0.0,277,0,0.6429438911829002,13466,13611,nan,0,0,0.0,0,88,0.0,0,3472,0.0,566,0,0.0,10700,0
47,0.38195558013479775,0.9786599705571979,902739,1107550,0.2592984934086629,15163,6513,0.8163265868553917,332742,350900,nan,0,0,0.0,811,11464,0.2056464054304227,14727,9088,0.11392729134664618,3754,635,0.49015298791310963,13416,25018,0.8906843475503176,390253,399994,0.0,0,8159,0.9163651868313608,76972,79184,0.0,942,0,0.0,843,0,0.7851879527575399,77765,97732,nan,0,0,nan,0,0,nan,0,0,0.0,906,0,0.2730844793713163,1254,915
48,0.6195220550887562,0.9746619394257561,797188,1008823,0.6852133741614599,105451,87261,0.9098157874054762,547788,632440,nan,0,695,0.0,0,12928,0.37315912133683743,33900,33015,0.37355371900826445,6053,7003,0.5245570866141732,17206,15247,0.9246356084553541,143059,149502,nan,0,0,0.7727080989876266,14186,12207,0.48259958071278825,15570,9498,0.7054284115342699,25373,33140,0.7485,39143,34294,nan,0,0,nan,0,0,nan,0,0,0.5271994223131544,30031,20727,0.6712766212874258,30605,40372
49,0.6073199356528214,0.9195630991710735,764856,930071,0.6067008440785044,128365,151791,0.9185742362288105,335927,341527,0.6819830713422007,27044,27510,0.7964810110897714,42258,44949,0.596897963610727,27018,32809,0.2462828821959588,2426,843,0.7726037817865682,16065,20734,0.910509277536518,364583,384711,nan,0,0,0.8872827865658848,25444,25530,0.6124056919109923,13483,20800,0.0,785,0,0.8592084191260582,100119,104364,nan,0,0,nan,0,0,nan,0,0,0.30130597014925375,11964,6171,0.0,0,5342
50,0.4685764019831694,0.9320876062250909,827591,1037088,0.3265047960539488,90266,55953,0.8245134425973069,464419,545823,0.0,9426,0,0.04046730945175593,2706,12078,0.5147058823529411,49702,52601,0.3652749557580127,13739,7926,0.5298614193421117,18198,12823,0.7443473563705225,301177,276751,0.0,0,11436,nan,0,0,0.4282362754809447,15904,11627,0.5415568862275449,10319,15425,0.7460384130741915,25305,20422,nan,0,0,nan,0,0,nan,0,0,nan,0,0,0.5664752848299991,32666,37199
51,0.34911752917652994,0.9472317245751913,940076,1133622,0.3375121411307628,66056,52467,0.9026175017354731,348316,379955,0.0,0,25228,0.0,0,41465,0.4543780588263798,27524,36401,0.16839313831109637,9970,5114,0.6349732620320856,16965,14656,0.7455227774180774,142726,141102,0.0,0,461,0.0,0,41804,0.11800818553888132,2896,395,0.5274774774774775,17952,32913,0.0,1152,1211,0.0,1505,0,0.7444851282489658,209164,159276,0.0,0,317,nan,0,0,0.7035161298831474,33817,30765
52,0.3397881320699251,0.9452190979786467,737562,895730,0.058196502271445114,13463,22787,0.7816278497058954,408854,542111,0.0,0,11671,0.0,0,880,0.24150985621305085,47519,21255,0.0,135,753,0.27645438340625506,10916,6084,0.7852963275631486,316762,330621,0.6524585090852826,108462,139197,0.0,0,102306,0.0,16222,2715,0.606692045682228,14300,9788,0.47821511260787203,6211,9219,nan,0,0,nan,0,0,nan,0,0,nan,0,32,0.27115229653505235,4599,2003
53,0.4715525294854724,0.9355898360294672,662421,852347,0.5975808870080971,26290,21733,0.8920037801093225,526231,581611,0.07301587301587302,2205,161,0.0,0,446,0.6689432302771855,74012,77073,0.2867647058823529,6021,2554,0.5948663921080356,8793,9233,0.7839153021634774,40732,41917,0.8942976585865596,237233,235910,0.9344541573057634,92251,96054,0.31319529029638654,41708,25436,0.0,2602,6004,0.8680280014890546,98321,119681,nan,0,0,0.0,3274,0,nan,0,0,0.0,0,6,0.17373788698145393,5625,26986
54,0.3675045604973704,0.7579343216030232,754728,851716,0.3337687334462961,179861,240241,0.8076976656251865,564384,662778,0.0,0,3762,0.0,28836,56573,0.3196349229263911,52826,32104,0.0500435634937922,18251,1032,0.15098861593768723,4440,4006,0.7940934674002403,54770,59588,0.0,1028,0,0.9504307947142663,79928,81944,0.5005924638597046,43358,33257,nan,0,0,0.8473838584539691,57427,60482,nan,0,0,nan,0,0,0.0,0,9669,nan,0,0,0.0,1769,0
55,0.487360896334091,0.9739904682322992,820665,996991,0.7646636815674245,34652,36681,0.7723016733071427,372596,418299,0.0,4318,0,0.27704153056462905,18736,9145,0.29188059008014866,34697,21286,0.0,1869,0,0.6063932216445215,23204,31458,0.7554195015403187,304683,290823,0.5638165817508105,31571,53867,0.9288937931034483,90349,88675,0.0,0,97,nan,0,0,0.8676654721298735,62655,69912,nan,0,0,0.0,15294,0,0.5083469310907494,40500,79918,nan,0,0,nan,0,0
56,0.41851552388061336,0.9735356265250529,926587,1100315,0.6128226825879378,86182,69573,0.8307046991841678,361108,452609,0.0,7555,1921,0.11904202864522188,2230,10414,0.3446595992401495,27109,21076,0.0,1607,4,0.6176295413936868,8052,6391,0.8138785242752743,119530,137446,nan,0,0,0.0,0,189416,0.0,5453,4444,0.0,3735,0,0.7111178308638242,24091,26837,nan,0,0,nan,0,0,nan,0,0,nan,0,0,0.8358268016132714,57790,76706
57,0.6579786350808153,0.9745164894910401,725290,888947,0.7539264063160863,61337,89772,0.3654491879668334,9629,11111,0.7995991801411979,102328,96097,0.6774291806274749,11282,27338,0.3500114863312658,18694,13120,0.6329854237898146,8641,10011,nan,0,0,0.9171282632094117,500599,541226,nan,0,0,0.8989376891884174,244522,239158,0.8677816788274263,154098,167959,nan,0,0,nan,0,0,nan,0,0,nan,0,0,nan,0,0,nan,0,0,0.0,0,12413
58,0.4372152277296147,0.9863474208069717,874517,1066265,0.6081172401913368,67133,54898,0.8186974884306061,235964,320855,0.4291361482119776,92133,41519,0.4004889367697025,56296,115134,0.21094811192610705,32564,12982,0.0009630818619582664,3115,3,0.16453229398663696,3584,709,0.8463076766373544,257862,313004,0.7222137613840578,48083,65680,0.8198672706204572,94269,83783,0.1377677100494234,9528,1740,0.0,518,0,0.79247152055473,15111,18828,nan,0,0,nan,0,0,0.0,0,4,nan,0,0,0.057584982242516486,2529,1748
59,0.4936542363653079,0.9784161409025389,730754,925617,0.7297420554031551,136051,129167,0.7035524554929234,183567,340267,0.0,16304,3,0.0005789235639981909,37787,83600,0.6114699004166085,56879,53164,nan,0,325,0.5689607708189952,13851,11594,0.8913267627398351,349868,368218,0.6810393054721008,33321,50634,0.952062040523579,109587,117216,0.3148985657061636,6845,4084,0.4197069807526573,1769,3257,0.5530596436870643,3340,8069,nan,0,0,nan,0,0,nan,0,0,0.0,0,1347,0.0,2297,590
60,0.5946021207910237,0.9125296966251764,713918,902936,0.6164160274060908,102796,74383,0.831927023945268,183305,222404,0.0,0,2979,0.8222116699043097,287258,364137,0.4218852027382833,36781,34186,0.41296758104738157,1599,1234,0.7011829053190284,60162,51558,0.9168630928413405,213828,220872,nan,0,0,0.9590975178236726,170372,175047,0.4400575953923686,27424,27036,0.0027272727272727275,1100,3,0.6988604218863654,10106,11169,nan,0,0,nan,0,0,nan,0,0,nan,0,0,0.5877036834177736,4323,9208
61,0.5812100419055076,0.9731546395299825,570909,763482,0.8747868938667843,220622,223713,0.683570180029824,167030,189334,0.0,1348,0,0.5876951918365608,28181,53462,0.31051702774753126,48209,26444,0.8070780631148589,15280,14872,0.7557728144327113,34428,30928,0.8817180494824819,516106,569791,nan,0,0,0.8931327537364462,30613,30485,0.6075384131797422,97079,77461,0.0,0,1017,0.8038427110780519,78492,65111,0.0,0,251,nan,0,0,nan,0,0,nan,0,0,0.5393438905476398,32029,50801
62,0.4028123993601322,0.9484829031188492,675658,896584,0.5883338562016941,135231,89272,0.7032558099699813,214700,205712,0.0,0,14835,0.0,0,51629,0.35767910571045725,46718,30124,0.3347120931751388,8484,3778,0.0010600706713780918,2830,3,0.8805829670029003,494973,566641,0.0025762711864406778,7301,93,0.7660726428287338,75461,63824,0.0,3306,1063,0.466893039049236,7785,5176,0.8660748183958086,141355,158937,nan,0,0,0.0,4025,0,nan,0,0,nan,0,0,0.5292748124514961,8254,9481
63,0.4299849444326705,0.9739702873680275,643095,829947,0.8298881155624872,233811,229856,0.555877714231094,41701,67321,0.0,0,10213,0.016362644688200714,1650,116511,0.35267975339460644,49368,24005,nan,0,0,0.0,1260,0,0.9111075993125655,487762,512169,0.0032473389861086056,5528,10269,0.9293141572705177,109051,107456,0.0,1036,4835,0.0,0,99,0.5292567690350718,10192,7667,nan,0,0,0.9180848422087082,186371,176804,nan,0,0,nan,0,0,nan,0,0
64,0.6051602574632159,0.9566265987178479,587938,774577,0.791403866883787,35293,42976,0.8021546792884547,318273,302908,0.4549086600721902,35194,18333,0.8064618592066622,279961,366973,0.34663532177490447,37876,57818,0.16883116883116883,9922,4497,0.809682748390142,28351,26545,0.8214123439375547,134679,140392,nan,0,0,0.9220076571500564,142117,141393,0.6733112291774858,19604,23549,0.0,1498,0,0.9188074710547686,200738,197057,nan,0,0,nan,0,0,nan,0,0,nan,0,0,0.0,0,134
65,0.4167474676935838,0.8298538575766504,624080,804234,0.3715605739913659,140577,155834,0.869324827576935,553162,600643,0.39021367016881126,32085,15142,0.0,0,58258,0.6196903804600531,59536,62437,0.42939305476885536,20006,12805,0.7381745502998002,2604,2614,0.8742288361091949,272801,317748,0.2154774972557629,8680,2620,0.0,0,1704,0.4699760275974975,12331,19967,0.0,4609,0,0.4409656876722745,49569,26533,nan,0,0,0.0,0,4793,nan,0,0,nan,0,0,0.4191005196201398,6983,11820
66,0.4998671945423695,0.9060757987540721,696278,949700,0.16932519748016212,108893,30709,0.7589709329909855,503844,551437,nan,0,0,0.6018572967308085,133119,176540,0.3386674752102775,77286,49341,nan,0,1028,0.5755466444730272,30050,37781,0.8295805104797503,154945,155096,0.5173619202982987,4073,2551,0.0,0,58364,0.6342488899367362,20087,23604,nan,0,0,0.8734905539369285,49251,54741,nan,0,0,nan,0,0,0.0,0,1434,nan,0,0,0.29314830875975717,4443,4826
67,0.5282430011657752,0.9608963706250238,780885,956705,0.7141880458748526,51055,54408,0.8245735901943569,456658,471717,nan,0,0,0.7971711123942201,219135,277329,0.08425799036293709,20345,4310,0.0,14454,0,0.38886162904808635,17559,16413,0.8089938952374454,165970,183724,nan,0,0,0.0,0,1683,0.5935146377588,23530,29334,0.0,532,0,0.865588003157064,36107,35528,nan,0,0,nan,0,0,nan,0,0,nan,0,0,0.829113740502291,62340,66001
68,0.4031888644511303,0.9616311540401414,877893,1074979,0.5645605417876014,64960,66272,0.8601508570929922,503702,555840,0.0,1873,7976,0.0707382684068945,3177,11078,0.4408740026940213,60543,56376,0.36216494845360825,16333,10975,0.5244283781685924,38470,31062,0.8512325549575847,158593,178566,0.0,0,74,0.8230099502487562,24035,23072,0.47919070380748313,30797,44536,0.23735260555344237,4149,2357,0.0027716673999120104,22720,73,nan,0,0,0.0,0,2124,nan,0,0,nan,0,0,0.27291619860705457,14660,31792
69,0.4921745262832963,0.9854668928841821,869311,1065505,0.7187436708367738,55797,55637,0.9041329667364367,636250,699584,nan,0,0,nan,0,0,0.458094125775197,46693,43336,0.004952947003467063,2008,21,0.23595769682726203,2629,2630,0.7355186114596404,32690,35319,0.0,275,0,0.9348414599993776,127236,129256,0.528562538892346,5330,6952,nan,0,0,0.8919979312681683,53417,53484,nan,0,0,0.0,28928,0,0.0,0,5428,nan,0,0,nan,0,0
70,0.685236093608829,0.9800947641326698,828772,1045194,0.7208195916076064,64712,63429,0.8732503502162371,475597,560072,0.0,2085,0,0.5603323116631714,69817,47976,0.5145591077595767,45341,51039,0.46718191256200253,8455,4431,0.5623930351960711,23037,19011,0.9363293701575188,166980,171469,nan,0,3018,0.9630201414569346,27677,34248,0.802701018076044,20160,23222,nan,0,0,0.8421515204781157,73074,74043,nan,0,0,nan,0,0,nan,0,0,nan,0,0,nan,0,0
71,0.33576107451623066,0.972052323363773,871235,1084354,0.19446717120065454,16830,6553,0.906473761158431,776439,783614,0.0,0,1375,0.0,0,37959,0.15575237915763687,7754,5244,0.0,1155,427,0.08720862357473635,5973,23068,0.589449121522694,17738,18009,nan,0,0,0.905057166409806,27663,30824,0.4068543369320284,20047,22884,nan,0,0,0.7492714459810311,57337,75007,nan,0,0,0.03376095985233041,52873,3131,0.0,0,4594,nan,0,0,0.036068828590337526,3022,109
72,0.34120058833868405,0.965725407886963,865487,1068595,0.20398997284311676,22191,12415,0.9052859003561794,787886,783430,nan,0,0,0.0,0,16479,0.12072274803097492,10471,7303,0.0,1077,114,0.06206683592945859,5207,26848,0.5571022610271406,21831,17177,nan,0,0,0.8730562150954754,29824,31558,0.32868569294450845,21852,65438,0.15499092558983665,13412,2498,0.00028610256777054574,7147,6919,nan,0,0,0.35484770821347,53178,24824,0.0,0,1465,nan,0,0,0.5912490545953668,24717,32089
73,0.5154699334668958,0.9882035082778315,830984,1028146,0.6053301297756982,59398,42623,0.9007686858466559,701924,793240,nan,0,0,nan,0,0,0.40706195869420386,28424,37831,0.19387668560766685,6546,13711,0.3272889417360285,2455,2023,0.8249235038105556,101657,95192,nan,0,0,0.8473381294964029,13857,13182,0.019876781940009892,17227,6134,0.27807486631016043,1648,511,0.7928960101075362,65955,61468,nan,0,0,nan,0,0,nan,0,0,nan,0,0,0.0,684,3091
74,0.4892299077417506,0.9407591717695039,640576,856922,0.7416324562813189,189441,173337,0.8229501924775968,476405,551649,0.6305878415775314,71417,57085,0.0,0,22961,0.3773458123350132,34183,26521,0.0,0,39,0.6189094344715886,12439,12172,0.710169904818585,190206,234166,nan,0,0,0.5581890812250333,2903,4657,0.6473150866559333,98253,97968,0.0,526,1082,0.731969248257501,30769,28847,nan,0,0,nan,0,0,nan,0,0,0.0,2666,0,0.5586203862566539,12988,29746
75,0.4216969865119457,0.8100535900942011,625560,657272,0.5198725998953991,205308,347606,0.6826715232315017,195394,215272,0.0,0,4949,0.0,0,35899,0.5131255062014642,52946,54047,0.0,0,221,0.7286759024670727,48790,49579,0.8973857442139858,560564,618839,nan,0,0,nan,0,0,0.5732464346339227,58512,70915,0.0,1738,1974,0.42399367026011275,17695,15381,nan,0,0,nan,0,0,nan,0,0,0.4329352428986059,17926,12190,0.32179759727097446,15087,13008
76,0.42402386838685385,0.985357287111673,564185,817040,0.6876151706030423,79838,63739,0.8822339001860495,413373,500541,0.0,0,61458,0.0,341,63376,0.24765333676224766,36047,17653,nan,0,0,0.5766507177033493,11417,15776,0.9091978015458219,174737,187865,nan,0,0,0.0,361,0,0.4532549242783521,20221,61416,0.0,1218,0,0.9404525239276126,278369,307956,nan,0,0,0.0,1744,0,nan,0,0,nan,0,0,0.25391849529780564,468,332
77,0.500668908148712,0.9859029670913209,615607,862790,0.8029487285678787,33476,122441,0.8588134770451366,426208,440669,nan,0,0,0.0,0,23473,0.42851129507506663,11654,9152,nan,0,652,0.7370376625570005,10944,10029,0.8748852123383564,306127,340704,0.0,0,559,0.0,6080,602,0.5751301089445563,51908,62174,nan,0,0,0.7447974461652274,237492,202520,nan,0,0,nan,0,0,nan,0,0,nan,0,0,0.0,913,21387
78,0.46915623317698224,0.9451544206068919,506573,660545,0.6579736668191755,323210,251753,0.8270946166858573,502814,686625,0.0,0,25296,0.0,0,126407,0.3459946112900046,51612,35761,nan,0,0,0.680461811722913,14818,18214,0.8498690055815014,161026,154378,nan,0,0,0.4925468274982838,20163,12119,0.7184993953324814,96457,112583,0.0,911,0,0.7195984286337844,10596,9145,nan,0,0,0.0,0,64,nan,0,0,nan,0,0,0.3309944803068575,10070,4262
79,0.5294188749964167,0.8996925327112497,520069,750319,0.7870818405649668,331760,278042,0.8909039353737187,470534,495401,0.010140941904434514,4115,3021,0.0,0,6912,0.264809329877823,28631,20545,nan,0,0,0.7482925399384435,55066,67482,0.9227514218175861,206799,223278,nan,0,0,0.8689311910583304,11128,11237,0.7395035868537638,171076,211354,0.4995236583042236,8124,6042,0.12756872164398186,7439,1011,nan,0,0,0.0,0,975,nan,0,0,nan,0,0,0.652664549901313,19538,21533
80,0.5116101291048961,0.6511758941271836,390010,756487,0.2946143786409416,288285,94700,0.9127631325941051,519063,552557,0.0,2533,0,0.0,0,6597,0.21656453652368446,18522,7493,nan,0,0,0.6729307912817946,19206,19566,0.9214590652913226,242414,259535,nan,0,0,0.8160323267624092,18222,16599,0.8361810393294501,305435,342456,nan,0,0,0.0,1598,0,nan,0,0,nan,0,0,nan,0,0,nan,0,0,0.8176003847078624,36430,41162
81,0.5080071149516605,0.9760706827883479,665953,850674,0.8673961188105794,219376,247108,0.8943490137339944,447793,512080,0.0,8121,0,nan,0,0,0.5777703604806409,64322,66566,nan,0,0,0.6577540106951871,11456,9493,0.9288894177310756,235462,252922,0.0,0,5033,0.9014879425346332,7748,7661,0.6012165257919266,46707,60220,0.5237949658616121,8523,6613,0.12584645395011843,8601,31800,0.0004728000889976638,35956,17,nan,0,0,nan,0,0,0.0,3795,0,0.5650584318077952,29281,46965
82,0.5018976798272905,0.9231624127592396,638280,869479,0.6206524745823948,155207,135366,0.8791246666996443,585376,685927,nan,0,0,0.0,8130,79,0.4144773878776506,16604,16518,nan,0,0,0.4680012319063751,29919,21970,0.8437917847157939,91952,111093,0.0,13195,0,0.0,16465,0,0.5844415236328024,51781,83094,0.35185009487666036,16486,12011,0.8473220577871741,135345,129329,nan,0,0,nan,0,0,nan,0,0,nan,0,0,0.5918462029170412,22731,32286
83,0.5255352905909357,0.957245235405207,590465,787021,0.8892651560819357,165877,163605,0.8608696672868236,458030,601729,nan,0,0,0.7945104259876895,281923,306602,0.3059599874306065,7362,10061,nan,0,0,0.5657525708943596,38490,47977,0.0,2498,0,nan,0,0,0.6223850644612017,30760,24738,0.78490008895247,88679,135235,0.0,1797,0,nan,0,0,nan,0,0,nan,0,0,nan,0,0,nan,0,0,0.0,1110,20184
84,0.3714036142538334,0.9394432401702726,416446,603111,0.9110144090939366,175101,181688,0.5525838749185591,388752,806071,0.0,0,35815,0.19056892903568615,419941,93355,0.3773965691220989,8305,11603,0.0,0,564,0.5165084720625858,61781,113465,0.6292372881355932,11255,7201,nan,0,0,0.14457230082780484,33079,5912,0.869584618583856,203312,233988,0.0,726,0,0.05076551168412571,1173,131,nan,0,0,nan,0,0,0.0,0,27,nan,0,0,0.38937900017298044,4672,4221
85,0.4793999611679138,0.9048070044161134,611395,818058,0.19058339342561162,48291,25821,0.8995239015729146,651997,754433,0.0,0,98116,0.0,0,15398,0.3193390166997548,26487,21273,nan,0,0,0.5878602529545925,17659,12974,0.6561950050548545,19800,25057,nan,0,0,0.9479352526080597,61045,68786,0.7158300169337969,169806,197162,0.0,2353,0,0.20024992189940644,3191,651,nan,0,0,nan,0,0,nan,0,0,nan,0,0,0.8098757296177744,57385,59423
86,0.49650181190962545,0.9063130153253272,669205,889011,0.2508996463998498,58919,24394,0.9046056794250692,518470,524289,0.0,5759,0,nan,0,0,0.29932990307526625,11791,10271,0.0,0,1874,0.5249902381882078,13795,12326,0.7274236584642751,44502,43770,nan,0,0,0.8677080075070378,46243,53413,0.7615363959348922,414941,442921,0.0,8312,2924,0.8604064344613166,20417,21187,nan,0,0,nan,0,0,nan,0,0,nan,0,0,0.35131057604388904,27330,70772
87,0.38323342529437165,0.9558343452340999,785087,1019054,0.13684609552691432,23180,6153,0.8923359979698008,513854,558134,0.0,5957,4274,0.0,0,2,0.34872666847006994,21464,14032,0.0,350,0,0.6270152505446623,16915,24905,0.7885242308212502,191906,197603,0.0,0,2031,0.0,3235,0,0.3992817154325552,17444,9069,0.0,409,0,0.8654939822774765,212730,222977,nan,0,0,nan,0,0,nan,0,0,nan,0,0,0.7344430931387453,30097,38918
88,0.43615204080261916,0.944645110642014,754584,957436,0.6670422426392475,138033,122419,0.865537836656698,542653,585873,0.2706441511966003,57811,56927,0.0,0,19991,0.43415871439213877,41520,50097,0.21071301880099327,5533,1293,0.36354526222024275,7306,5174,0.8832788316966301,190505,196358,0.0,1769,0,0.7301715438950555,9827,8429,0.11574397485155431,18624,8136,0.0,2847,6021,0.7459735169225358,65826,73177,nan,0,0,nan,0,0,nan,0,0,nan,0,0,0.3108264081255771,5536,5821
89,0.47871861018771694,0.9808512386723852,564956,775068,0.715967782713909,189936,144068,0.8611993035245551,578181,677109,0.0,0,863,0.0,0,17260,0.4398122435817045,42845,37720,nan,0,0,0.48796279945847315,12997,12970,0.7832868483158121,160984,191644,nan,0,0,0.6685634975711312,6991,5473,0.18897458129877243,19943,6935,nan,0,0,0.9595847237671487,201573,219764,nan,0,0,nan,0,0,nan,0,0,0.0,6441,0,0.13713891353642907,7303,8278
90,0.4344585971790427,0.977089014829917,872806,1056443,0.7526056304099954,110975,118558,0.8480550450873969,525112,617803,nan,0,0,0.0,0,1047,0.41182930905502413,47639,45225,nan,0,0,0.684436198079082,53039,57915,0.7473738119625545,74942,75296,nan,0,1832,0.0,96,340,0.5643651386630334,58361,49380,nan,0,0,0.770287984924829,44599,42384,nan,0,0,0.0,0,2025,0.0,0,1164,0.0,15804,0,0.32637822749476625,10349,27740
91,0.4245218963242101,0.9763134127430432,518433,886042,0.9373161615640366,131046,133466,0.9014919416178268,574295,629365,nan,0,0,0.0,0,6,0.34051593323216994,25029,17181,0.0,332,0,0.3402475744396119,5767,7631,0.470335339638865,1125,764,nan,0,0,0.593747517910756,50083,52346,0.32283288650580877,5642,6200,0.0,2209,0,0.7966182651891479,53774,59944,0.0,7093,0,nan,0,0,0.8994136432155292,304516,303410,0.0,553,0,0.21351766513056836,803,797
92,0.45820551265218135,0.9718300054530056,678382,973553,0.7321227914983145,152404,139621,0.8606196851256035,638100,647589,0.0,0,7517,0.0,0,1038,0.4995561130946637,68799,93319,0.05943798734735913,6733,775,0.555496000659685,21906,16165,0.6954793424932256,60284,83422,nan,0,0,0.9406695572983921,72536,78648,0.7200252684775742,18590,24234,0.3158058979559994,6106,2327,0.5981073310972688,24328,15710,nan,0,0,nan,0,0,0.0,0,1248,0.0,1072,0,0.3821382219338092,5257,11986
93,0.46686530328626485,0.9302056236838846,757843,1001378,0.13841435408116398,131576,22514,0.878008751031594,625088,610149,0.0,0,29237,0.0,0,93195,0.13566418055285995,28993,12428,0.0,0,31,0.5536060697503987,18149,30001,0.6293425494935774,39212,49241,nan,0,0,0.9011733944509902,60656,61826,0.48843169360005695,7934,13032,nan,0,0,0.947537022790653,160573,174120,nan,0,0,nan,0,0,nan,0,0,nan,0,0,nan,0,0
94,0.5171525888464638,0.9746231924026955,664670,847764,0.0,427,289,0.9463010410974436,615437,656898,0.0,1319,439,nan,0,0,0.06928096603037141,15953,1580,nan,0,0,0.7679748062015503,16679,24431,0.8706104576285739,63871,68761,nan,0,0,0.9157975296337166,55184,57888,0.0,177,78,0.40731776765375854,4135,5785,0.9296775178988356,389206,424653,nan,0,0,nan,0,0,nan,0,0,nan,0,0,0.32424778761061945,3631,8586
95,0.4465951460054085,0.9587502105440459,468272,645450,0.7502442064638305,163005,170102,0.9258104020882922,374299,440744,0.0,0,9432,0.036674396633170146,1791,261992,0.45606513983197144,27164,25062,0.0,0,203,0.6267293485560779,6402,6653,0.9256990392323431,80652,100507,nan,0,0,0.23399182561307902,2662,1637,0.08502354219485693,10592,1391,0.17939671899805962,3347,10187,0.8999976340880592,388921,420461,nan,0,0,nan,0,0,nan,0,0,nan,0,0,0.17394957983193277,860,3331
96,0.5318290873988107,0.9833294455351879,615127,798374,0.8524430005311292,236669,247976,0.8670012088955238,452977,496811,0.6013605680109125,52785,42826,0.5181697660252965,131064,86690,0.5545659116327328,60454,57520,nan,0,0,0.05443322109988777,1227,652,0.756662842840755,189756,257401,nan,0,0,0.5631820530747484,19019,33746,0.6195323425152037,49112,57532,nan,0,0,0.0,513,0,nan,0,0,nan,0,0,nan,0,0,0.0,817,0,0.5430977760231609,10583,17624
97,0.4238442878451954,0.9668827778332468,598952,775830,0.44325917156717665,226456,116773,0.7321633389586575,529217,463583,0.0,0,34989,0.0,0,322788,0.36798794392338047,41346,40902,0.0,853,0,0.5458152095980116,20152,12349,0.8720712729236169,139416,154137,0.015887677812673195,5413,86,0.8432733030392751,77629,68842,0.7053852944885862,43153,53816,nan,0,0,0.8649383275333072,45012,51734,nan,0,0,nan,0,0,0.0,0,1317,nan,0,0,0.0,1184,6
98,0.4927573962530552,0.8862663855896165,572409,685277,0.45633528554865177,97622,180540,0.5632505930034927,41622,68793,0.0,0,824,0.5326950811623554,51505,68419,0.3496838619028503,29438,27040,0.6386054996284035,13148,11462,0.764646371746528,8434,11361,0.8784538877322903,393159,402828,0.7191145713698515,78090,65520,0.9167312761668476,192148,199661,0.6685006990034091,178986,241585,0.34883948136052145,58663,40530,0.0,0,7133,nan,0,0,0.0,0,6415,0.0,0,501,nan,0,0,0.65375274208712,57304,79263
99,0.5779746588198998,0.9566647790877608,683823,842563,0.819307734943904,91225,103620,0.8008221877790666,181329,176959,0.0,0,154,0.7394136718471421,274800,371188,0.28968873381691307,40696,33759,0.4369492994366604,6037,3911,0.28875817697256845,70763,28713,0.8796344458019331,306522,336954,nan,0,0,0.9247937679956192,112349,113202,0.6442230211368003,51106,59276,nan,0,0,0.7334147458403297,30313,26810,nan,0,0,nan,0,0,nan,0,0,nan,0,0,0.0,0,43
